hash,link,status
346536,https://www.baidu.com,unused
2366,https://www.twitter.com,unused
356356,https://www.youtube.com,unused
3563,https://www.instagram.com,unused
234234,https://www.soundcloud.com,unused
324235,https://www.netflix.com,unused
43125,https://www.google.com,unused
13413,https://www.yahoo.com,unused
134135,https://www.amazon.com,unused
543,https://www.facebook.com,unused
645645,https://www.yandex.com,unused
346536,https://www.baidu.com,unused
2366,https://www.twitter.com,unused
356356,https://www.youtube.com,unused
3563,https://www.instagram.com,unused
43125,https://www.google.com,unused
346536,https://www.baidu.com,unused
2366,https://www.twitter.com,unused
356356,https://www.youtube.com,unused
3563,https://www.instagram.com,unused
234234,https://www.soundcloud.com,unused
324235,https://www.netflix.com,unused
43125,https://www.google.com,unused
13413,https://www.yahoo.com,unused
134135,https://www.amazon.com,unused
543,https://www.facebook.com,unused
645645,https://www.yandex.com,unused
346536,https://www.baidu.com,unused
2366,https://www.twitter.com,unused
356356,https://www.youtube.com,unused
3563,https://www.instagram.com,unused
43125,https://www.google.com,unused
346536,https://www.baidu.com,unused
2366,https://www.twitter.com,unused
356356,https://www.youtube.com,unused
3563,https://www.instagram.com,unused
234234,https://www.soundcloud.com,unused
324235,https://www.netflix.com,unused
43125,https://www.google.com,unused
13413,https://www.yahoo.com,unused
134135,https://www.amazon.com,unused
543,https://www.facebook.com,unused
645645,https://www.yandex.com,unused
346536,https://www.baidu.com,unused
2366,https://www.twitter.com,unused
356356,https://www.youtube.com,unused
3563,https://www.instagram.com,unused
234234,https://www.soundcloud.com,unused
324235,https://www.netflix.com,unused
43125,https://www.google.com,unused
13413,https://www.yahoo.com,unused
134135,https://www.amazon.com,unused
543,https://www.facebook.com,unused
645645,https://www.yandex.com,unused
346536,https://www.baidu.com,unused
2366,https://www.twitter.com,unused
356356,https://www.youtube.com,unused
3563,https://www.instagram.com,unused
43125,https://www.google.com,unused
346536,https://www.baidu.com,unused
2366,https://www.twitter.com,unused
356356,https://www.youtube.com,unused
3563,https://www.instagram.com,unused
234234,https://www.soundcloud.com,unused
324235,https://www.netflix.com,unused
43125,https://www.google.com,unused
13413,https://www.yahoo.com,unused
134135,https://www.amazon.com,unused
543,https://www.facebook.com,unused
645645,https://www.yandex.com,unused
346536,https://www.baidu.com,unused
2366,https://www.twitter.com,unused
356356,https://www.youtube.com,unused
3563,https://www.instagram.com,unused
43125,https://www.google.com,unused
346536,https://www.baidu.com,unused
2366,https://www.twitter.com,unused
356356,https://www.youtube.com,unused
3563,https://www.instagram.com,unused
234234,https://www.soundcloud.com,unused
324235,https://www.netflix.com,unused
43125,https://www.google.com,unused
13413,https://www.yahoo.com,unused
134135,https://www.amazon.com,unused
543,https://www.facebook.com,unused
645645,https://www.yandex.com,unused
346536,https://www.baidu.com,unused
2366,https://www.twitter.com,unused
356356,https://www.youtube.com,unused
3563,https://www.instagram.com,unused
234234,https://www.soundcloud.com,unused
324235,https://www.netflix.com,unused
43125,https://www.google.com,unused
13413,https://www.yahoo.com,unused
134135,https://www.amazon.com,unused
543,https://www.facebook.com,unused
645645,https://www.yandex.com,unused
346536,https://www.baidu.com,unused
2366,https://www.twitter.com,unused
356356,https://www.youtube.com,unused
3563,https://www.instagram.com,unused
43125,https://www.google.com,unused
346536,https://www.baidu.com,unused
2366,https://www.twitter.com,unused
356356,https://www.youtube.com,unused
3563,https://www.instagram.com,unused
234234,https://www.soundcloud.com,unused
324235,https://www.netflix.com,unused
43125,https://www.google.com,unused
13413,https://www.yahoo.com,unused
134135,https://www.amazon.com,unused
543,https://www.facebook.com,unused
645645,https://www.yandex.com,unused
346536,https://www.baidu.com,unused
2366,https://www.twitter.com,unused
356356,https://www.youtube.com,unused
3563,https://www.instagram.com,unused
43125,https://www.google.com,unused
346536,https://www.baidu.com,unused
2366,https://www.twitter.com,unused
356356,https://www.youtube.com,unused
3563,https://www.instagram.com,unused
234234,https://www.soundcloud.com,unused
324235,https://www.netflix.com,unused
43125,https://www.google.com,unused
13413,https://www.yahoo.com,unused
134135,https://www.amazon.com,unused
543,https://www.facebook.com,unused
645645,https://www.yandex.com,unused
346536,https://www.baidu.com,unused
2366,https://www.twitter.com,unused
356356,https://www.youtube.com,unused
3563,https://www.instagram.com,unused
234234,https://www.soundcloud.com,unused
324235,https://www.netflix.com,unused
43125,https://www.google.com,unused
13413,https://www.yahoo.com,unused
134135,https://www.amazon.com,unused
543,https://www.facebook.com,unused
645645,https://www.yandex.com,unused
346536,https://www.baidu.com,unused
2366,https://www.twitter.com,unused
356356,https://www.youtube.com,unused
3563,https://www.instagram.com,unused
43125,https://www.google.com,unused
346536,https://www.baidu.com,unused
2366,https://www.twitter.com,unused
356356,https://www.youtube.com,unused
3563,https://www.instagram.com,unused
234234,https://www.soundcloud.com,unused
324235,https://www.netflix.com,unused
43125,https://www.google.com,unused
13413,https://www.yahoo.com,unused
134135,https://www.amazon.com,unused
543,https://www.facebook.com,unused
645645,https://www.yandex.com,unused
346536,https://www.baidu.com,unused
2366,https://www.twitter.com,unused
356356,https://www.youtube.com,unused
3563,https://www.instagram.com,unused
43125,https://www.google.com,unused
346536,https://www.baidu.com,unused
2366,https://www.twitter.com,unused
356356,https://www.youtube.com,unused
3563,https://www.instagram.com,unused
234234,https://www.soundcloud.com,unused
324235,https://www.netflix.com,unused
43125,https://www.google.com,unused
13413,https://www.yahoo.com,unused
134135,https://www.amazon.com,unused
543,https://www.facebook.com,unused
645645,https://www.yandex.com,unused
346536,https://www.baidu.com,unused
2366,https://www.twitter.com,unused
356356,https://www.youtube.com,unused
3563,https://www.instagram.com,unused
234234,https://www.soundcloud.com,unused
324235,https://www.netflix.com,unused
43125,https://www.google.com,unused
13413,https://www.yahoo.com,unused
134135,https://www.amazon.com,unused
543,https://www.facebook.com,unused
645645,https://www.yandex.com,unused
346536,https://www.baidu.com,unused
2366,https://www.twitter.com,unused
356356,https://www.youtube.com,unused
3563,https://www.instagram.com,unused
43125,https://www.google.com,unused
346536,https://www.baidu.com,unused
2366,https://www.twitter.com,unused
356356,https://www.youtube.com,unused
3563,https://www.instagram.com,unused
234234,https://www.soundcloud.com,unused
324235,https://www.netflix.com,unused
43125,https://www.google.com,unused
13413,https://www.yahoo.com,unused
134135,https://www.amazon.com,unused
543,https://www.facebook.com,unused
645645,https://www.yandex.com,unused
346536,https://www.baidu.com,unused
2366,https://www.twitter.com,unused
356356,https://www.youtube.com,unused
3563,https://www.instagram.com,unused
43125,https://www.google.com,unused
356356,https://www.youtube.com,unused
3563,https://www.instagram.com,unused
43125,https://www.google.com,unused
346536,https://www.baidu.com,unused
2366,https://www.twitter.com,unused
356356,https://www.youtube.com,unused
3563,https://www.instagram.com,unused
234234,https://www.soundcloud.com,unused
324235,https://www.netflix.com,unused
43125,https://www.google.com,unused
13413,https://www.yahoo.com,unused
134135,https://www.amazon.com,unused
543,https://www.facebook.com,unused
645645,https://www.yandex.com,unused
346536,https://www.baidu.com,unused
2366,https://www.twitter.com,unused
356356,https://www.youtube.com,unused
3563,https://www.instagram.com,unused
43125,https://www.google.com,unused
346536,https://www.baidu.com,unused
2366,https://www.twitter.com,unused
356356,https://www.youtube.com,unused
3563,https://www.instagram.com,unused
234234,https://www.soundcloud.com,unused
324235,https://www.netflix.com,unused
43125,https://www.google.com,unused
13413,https://www.yahoo.com,unused
134135,https://www.amazon.com,unused
543,https://www.facebook.com,unused
645645,https://www.yandex.com,unused
346536,https://www.baidu.com,unused
2366,https://www.twitter.com,unused
356356,https://www.youtube.com,unused
3563,https://www.instagram.com,unused
234234,https://www.soundcloud.com,unused
324235,https://www.netflix.com,unused
43125,https://www.google.com,unused
13413,https://www.yahoo.com,unused
134135,https://www.amazon.com,unused
543,https://www.facebook.com,unused
645645,https://www.yandex.com,unused
346536,https://www.baidu.com,unused
2366,https://www.twitter.com,unused
356356,https://www.youtube.com,unused
3563,https://www.instagram.com,unused
43125,https://www.google.com,unused
346536,https://www.baidu.com,unused
2366,https://www.twitter.com,unused
356356,https://www.youtube.com,unused
3563,https://www.instagram.com,unused
234234,https://www.soundcloud.com,unused
324235,https://www.netflix.com,unused
43125,https://www.google.com,unused
13413,https://www.yahoo.com,unused
134135,https://www.amazon.com,unused
543,https://www.facebook.com,unused
645645,https://www.yandex.com,unused
346536,https://www.baidu.com,unused
2366,https://www.twitter.com,unused
356356,https://www.youtube.com,unused
3563,https://www.instagram.com,unused
43125,https://www.google.com,unused
346536,https://www.baidu.com,unused
2366,https://www.twitter.com,unused
356356,https://www.youtube.com,unused
3563,https://www.instagram.com,unused
234234,https://www.soundcloud.com,unused
324235,https://www.netflix.com,unused
43125,https://www.google.com,unused
13413,https://www.yahoo.com,unused
134135,https://www.amazon.com,unused
543,https://www.facebook.com,unused
645645,https://www.yandex.com,unused
346536,https://www.baidu.com,unused
2366,https://www.twitter.com,unused
356356,https://www.youtube.com,unused
3563,https://www.instagram.com,unused
234234,https://www.soundcloud.com,unused
324235,https://www.netflix.com,unused
43125,https://www.google.com,unused
13413,https://www.yahoo.com,unused
134135,https://www.amazon.com,unused
543,https://www.facebook.com,unused
645645,https://www.yandex.com,unused
346536,https://www.baidu.com,unused
2366,https://www.twitter.com,unused
356356,https://www.youtube.com,unused
3563,https://www.instagram.com,unused
43125,https://www.google.com,unused
346536,https://www.baidu.com,unused
2366,https://www.twitter.com,unused
356356,https://www.youtube.com,unused
3563,https://www.instagram.com,unused
234234,https://www.soundcloud.com,unused
324235,https://www.netflix.com,unused
43125,https://www.google.com,unused
13413,https://www.yahoo.com,unused
134135,https://www.amazon.com,unused
543,https://www.facebook.com,unused
645645,https://www.yandex.com,unused
346536,https://www.baidu.com,unused
2366,https://www.twitter.com,unused
356356,https://www.youtube.com,unused
3563,https://www.instagram.com,unused
43125,https://www.google.com,unused
356356,https://www.youtube.com,unused
3563,https://www.instagram.com,unused
43125,https://www.google.com,unused
346536,https://www.baidu.com,unused
2366,https://www.twitter.com,unused
356356,https://www.youtube.com,unused
3563,https://www.instagram.com,unused
234234,https://www.soundcloud.com,unused
324235,https://www.netflix.com,unused
43125,https://www.google.com,unused
13413,https://www.yahoo.com,unused
134135,https://www.amazon.com,unused
543,https://www.facebook.com,unused
645645,https://www.yandex.com,unused
346536,https://www.baidu.com,unused
2366,https://www.twitter.com,unused
356356,https://www.youtube.com,unused
3563,https://www.instagram.com,unused
43125,https://www.google.com,unused
346536,https://www.baidu.com,unused
2366,https://www.twitter.com,unused
356356,https://www.youtube.com,unused
3563,https://www.instagram.com,unused
234234,https://www.soundcloud.com,unused
324235,https://www.netflix.com,unused
43125,https://www.google.com,unused
13413,https://www.yahoo.com,unused
134135,https://www.amazon.com,unused
543,https://www.facebook.com,unused
645645,https://www.yandex.com,unused
346536,https://www.baidu.com,unused
2366,https://www.twitter.com,unused
356356,https://www.youtube.com,unused
3563,https://www.instagram.com,unused
234234,https://www.soundcloud.com,unused
324235,https://www.netflix.com,unused
43125,https://www.google.com,unused
13413,https://www.yahoo.com,unused
134135,https://www.amazon.com,unused
543,https://www.facebook.com,unused
645645,https://www.yandex.com,unused
346536,https://www.baidu.com,unused
2366,https://www.twitter.com,unused
356356,https://www.youtube.com,unused
3563,https://www.instagram.com,unused
43125,https://www.google.com,unused
346536,https://www.baidu.com,unused
2366,https://www.twitter.com,unused
356356,https://www.youtube.com,unused
3563,https://www.instagram.com,unused
234234,https://www.soundcloud.com,unused
324235,https://www.netflix.com,unused
43125,https://www.google.com,unused
13413,https://www.yahoo.com,unused
134135,https://www.amazon.com,unused
543,https://www.facebook.com,unused
645645,https://www.yandex.com,unused
346536,https://www.baidu.com,unused
2366,https://www.twitter.com,unused
356356,https://www.youtube.com,unused
3563,https://www.instagram.com,unused
43125,https://www.google.com,unused
346536,https://www.baidu.com,unused
2366,https://www.twitter.com,unused
356356,https://www.youtube.com,unused
3563,https://www.instagram.com,unused
234234,https://www.soundcloud.com,unused
324235,https://www.netflix.com,unused
43125,https://www.google.com,unused
13413,https://www.yahoo.com,unused
134135,https://www.amazon.com,unused
543,https://www.facebook.com,unused
645645,https://www.yandex.com,unused
346536,https://www.baidu.com,unused
2366,https://www.twitter.com,unused
356356,https://www.youtube.com,unused
3563,https://www.instagram.com,unused
234234,https://www.soundcloud.com,unused
324235,https://www.netflix.com,unused
43125,https://www.google.com,unused
13413,https://www.yahoo.com,unused
134135,https://www.amazon.com,unused
543,https://www.facebook.com,unused
645645,https://www.yandex.com,unused
346536,https://www.baidu.com,unused
2366,https://www.twitter.com,unused
356356,https://www.youtube.com,unused
3563,https://www.instagram.com,unused
43125,https://www.google.com,unused
346536,https://www.baidu.com,unused
2366,https://www.twitter.com,unused
356356,https://www.youtube.com,unused
3563,https://www.instagram.com,unused
234234,https://www.soundcloud.com,unused
324235,https://www.netflix.com,unused
43125,https://www.google.com,unused
13413,https://www.yahoo.com,unused
134135,https://www.amazon.com,unused
543,https://www.facebook.com,unused
645645,https://www.yandex.com,unused
346536,https://www.baidu.com,unused
2366,https://www.twitter.com,unused
356356,https://www.youtube.com,unused
3563,https://www.instagram.com,unused
43125,https://www.google.com,unused
356356,https://www.youtube.com,unused
3563,https://www.instagram.com,unused
43125,https://www.google.com,unused
346536,https://www.baidu.com,unused
2366,https://www.twitter.com,unused
356356,https://www.youtube.com,unused
3563,https://www.instagram.com,unused
234234,https://www.soundcloud.com,unused
324235,https://www.netflix.com,unused
43125,https://www.google.com,unused
13413,https://www.yahoo.com,unused
134135,https://www.amazon.com,unused
543,https://www.facebook.com,unused
645645,https://www.yandex.com,unused
346536,https://www.baidu.com,unused
2366,https://www.twitter.com,unused
356356,https://www.youtube.com,unused
3563,https://www.instagram.com,unused
43125,https://www.google.com,unused
346536,https://www.baidu.com,unused
2366,https://www.twitter.com,unused
356356,https://www.youtube.com,unused
3563,https://www.instagram.com,unused
234234,https://www.soundcloud.com,unused
324235,https://www.netflix.com,unused
43125,https://www.google.com,unused
13413,https://www.yahoo.com,unused
134135,https://www.amazon.com,unused
543,https://www.facebook.com,unused
645645,https://www.yandex.com,unused
346536,https://www.baidu.com,unused
2366,https://www.twitter.com,unused
356356,https://www.youtube.com,unused
3563,https://www.instagram.com,unused
234234,https://www.soundcloud.com,unused
324235,https://www.netflix.com,unused
43125,https://www.google.com,unused
13413,https://www.yahoo.com,unused
134135,https://www.amazon.com,unused
543,https://www.facebook.com,unused
645645,https://www.yandex.com,unused
346536,https://www.baidu.com,unused
2366,https://www.twitter.com,unused
356356,https://www.youtube.com,unused
3563,https://www.instagram.com,unused
43125,https://www.google.com,unused
346536,https://www.baidu.com,unused
2366,https://www.twitter.com,unused
356356,https://www.youtube.com,unused
3563,https://www.instagram.com,unused
234234,https://www.soundcloud.com,unused
324235,https://www.netflix.com,unused
43125,https://www.google.com,unused
13413,https://www.yahoo.com,unused
134135,https://www.amazon.com,unused
543,https://www.facebook.com,unused
645645,https://www.yandex.com,unused
346536,https://www.baidu.com,unused
2366,https://www.twitter.com,unused
356356,https://www.youtube.com,unused
3563,https://www.instagram.com,unused
43125,https://www.google.com,unused
346536,https://www.baidu.com,unused
2366,https://www.twitter.com,unused
356356,https://www.youtube.com,unused
3563,https://www.instagram.com,unused
234234,https://www.soundcloud.com,unused
324235,https://www.netflix.com,unused
43125,https://www.google.com,unused
13413,https://www.yahoo.com,unused
134135,https://www.amazon.com,unused
543,https://www.facebook.com,unused
645645,https://www.yandex.com,unused
346536,https://www.baidu.com,unused
2366,https://www.twitter.com,unused
356356,https://www.youtube.com,unused
3563,https://www.instagram.com,unused
234234,https://www.soundcloud.com,unused
324235,https://www.netflix.com,unused
43125,https://www.google.com,unused
13413,https://www.yahoo.com,unused
134135,https://www.amazon.com,unused
543,https://www.facebook.com,unused
645645,https://www.yandex.com,unused
346536,https://www.baidu.com,unused
2366,https://www.twitter.com,unused
356356,https://www.youtube.com,unused
3563,https://www.instagram.com,unused
43125,https://www.google.com,unused
346536,https://www.baidu.com,unused
2366,https://www.twitter.com,unused
356356,https://www.youtube.com,unused
3563,https://www.instagram.com,unused
234234,https://www.soundcloud.com,unused
324235,https://www.netflix.com,unused
43125,https://www.google.com,unused
13413,https://www.yahoo.com,unused
134135,https://www.amazon.com,unused
543,https://www.facebook.com,unused
645645,https://www.yandex.com,unused
346536,https://www.baidu.com,unused
2366,https://www.twitter.com,unused
356356,https://www.youtube.com,unused
3563,https://www.instagram.com,unused
43125,https://www.google.com,unused
356356,https://www.youtube.com,unused
3563,https://www.instagram.com,unused
43125,https://www.google.com,unused
346536,https://www.baidu.com,unused
2366,https://www.twitter.com,unused
356356,https://www.youtube.com,unused
3563,https://www.instagram.com,unused
234234,https://www.soundcloud.com,unused
324235,https://www.netflix.com,unused
43125,https://www.google.com,unused
13413,https://www.yahoo.com,unused
134135,https://www.amazon.com,unused
543,https://www.facebook.com,unused
645645,https://www.yandex.com,unused
346536,https://www.baidu.com,unused
2366,https://www.twitter.com,unused
356356,https://www.youtube.com,unused
3563,https://www.instagram.com,unused
43125,https://www.google.com,unused
346536,https://www.baidu.com,unused
2366,https://www.twitter.com,unused
356356,https://www.youtube.com,unused
3563,https://www.instagram.com,unused
234234,https://www.soundcloud.com,unused
324235,https://www.netflix.com,unused
43125,https://www.google.com,unused
13413,https://www.yahoo.com,unused
134135,https://www.amazon.com,unused
543,https://www.facebook.com,unused
645645,https://www.yandex.com,unused
346536,https://www.baidu.com,unused
2366,https://www.twitter.com,unused
356356,https://www.youtube.com,unused
3563,https://www.instagram.com,unused
234234,https://www.soundcloud.com,unused
324235,https://www.netflix.com,unused
43125,https://www.google.com,unused
13413,https://www.yahoo.com,unused
134135,https://www.amazon.com,unused
543,https://www.facebook.com,unused
645645,https://www.yandex.com,unused
346536,https://www.baidu.com,unused
2366,https://www.twitter.com,unused
356356,https://www.youtube.com,unused
3563,https://www.instagram.com,unused
43125,https://www.google.com,unused
346536,https://www.baidu.com,unused
2366,https://www.twitter.com,unused
356356,https://www.youtube.com,unused
3563,https://www.instagram.com,unused
234234,https://www.soundcloud.com,unused
324235,https://www.netflix.com,unused
43125,https://www.google.com,unused
13413,https://www.yahoo.com,unused
134135,https://www.amazon.com,unused
543,https://www.facebook.com,unused
645645,https://www.yandex.com,unused
346536,https://www.baidu.com,unused
2366,https://www.twitter.com,unused
356356,https://www.youtube.com,unused
3563,https://www.instagram.com,unused
43125,https://www.google.com,unused
346536,https://www.baidu.com,unused
2366,https://www.twitter.com,unused
356356,https://www.youtube.com,unused
3563,https://www.instagram.com,unused
234234,https://www.soundcloud.com,unused
324235,https://www.netflix.com,unused
43125,https://www.google.com,unused
13413,https://www.yahoo.com,unused
134135,https://www.amazon.com,unused
543,https://www.facebook.com,unused
645645,https://www.yandex.com,unused
346536,https://www.baidu.com,unused
2366,https://www.twitter.com,unused
356356,https://www.youtube.com,unused
3563,https://www.instagram.com,unused
234234,https://www.soundcloud.com,unused
324235,https://www.netflix.com,unused
43125,https://www.google.com,unused
13413,https://www.yahoo.com,unused
134135,https://www.amazon.com,unused
543,https://www.facebook.com,unused
645645,https://www.yandex.com,unused
346536,https://www.baidu.com,unused
2366,https://www.twitter.com,unused
356356,https://www.youtube.com,unused
3563,https://www.instagram.com,unused
43125,https://www.google.com,unused
346536,https://www.baidu.com,unused
2366,https://www.twitter.com,unused
356356,https://www.youtube.com,unused
3563,https://www.instagram.com,unused
234234,https://www.soundcloud.com,unused
324235,https://www.netflix.com,unused
43125,https://www.google.com,unused
13413,https://www.yahoo.com,unused
134135,https://www.amazon.com,unused
543,https://www.facebook.com,unused
645645,https://www.yandex.com,unused
346536,https://www.baidu.com,unused
2366,https://www.twitter.com,unused
356356,https://www.youtube.com,unused
3563,https://www.instagram.com,unused
43125,https://www.google.com,unused
356356,https://www.youtube.com,unused
3563,https://www.instagram.com,unused
43125,https://www.google.com,unused
346536,https://www.baidu.com,unused
2366,https://www.twitter.com,unused
356356,https://www.youtube.com,unused
3563,https://www.instagram.com,unused
234234,https://www.soundcloud.com,unused
324235,https://www.netflix.com,unused
43125,https://www.google.com,unused
13413,https://www.yahoo.com,unused
134135,https://www.amazon.com,unused
543,https://www.facebook.com,unused
645645,https://www.yandex.com,unused
346536,https://www.baidu.com,unused
2366,https://www.twitter.com,unused
356356,https://www.youtube.com,unused
3563,https://www.instagram.com,unused
43125,https://www.google.com,unused
346536,https://www.baidu.com,unused
2366,https://www.twitter.com,unused
356356,https://www.youtube.com,unused
3563,https://www.instagram.com,unused
234234,https://www.soundcloud.com,unused
324235,https://www.netflix.com,unused
43125,https://www.google.com,unused
13413,https://www.yahoo.com,unused
134135,https://www.amazon.com,unused
543,https://www.facebook.com,unused
645645,https://www.yandex.com,unused
346536,https://www.baidu.com,unused
2366,https://www.twitter.com,unused
356356,https://www.youtube.com,unused
3563,https://www.instagram.com,unused
234234,https://www.soundcloud.com,unused
324235,https://www.netflix.com,unused
43125,https://www.google.com,unused
13413,https://www.yahoo.com,unused
134135,https://www.amazon.com,unused
543,https://www.facebook.com,unused
645645,https://www.yandex.com,unused
346536,https://www.baidu.com,unused
2366,https://www.twitter.com,unused
356356,https://www.youtube.com,unused
3563,https://www.instagram.com,unused
43125,https://www.google.com,unused
346536,https://www.baidu.com,unused
2366,https://www.twitter.com,unused
356356,https://www.youtube.com,unused
3563,https://www.instagram.com,unused
234234,https://www.soundcloud.com,unused
324235,https://www.netflix.com,unused
43125,https://www.google.com,unused
13413,https://www.yahoo.com,unused
134135,https://www.amazon.com,unused
543,https://www.facebook.com,unused
645645,https://www.yandex.com,unused
346536,https://www.baidu.com,unused
2366,https://www.twitter.com,unused
356356,https://www.youtube.com,unused
3563,https://www.instagram.com,unused
43125,https://www.google.com,unused
346536,https://www.baidu.com,unused
2366,https://www.twitter.com,unused
356356,https://www.youtube.com,unused
3563,https://www.instagram.com,unused
234234,https://www.soundcloud.com,unused
324235,https://www.netflix.com,unused
43125,https://www.google.com,unused
13413,https://www.yahoo.com,unused
134135,https://www.amazon.com,unused
543,https://www.facebook.com,unused
645645,https://www.yandex.com,unused
346536,https://www.baidu.com,unused
2366,https://www.twitter.com,unused
356356,https://www.youtube.com,unused
3563,https://www.instagram.com,unused
234234,https://www.soundcloud.com,unused
324235,https://www.netflix.com,unused
43125,https://www.google.com,unused
13413,https://www.yahoo.com,unused
134135,https://www.amazon.com,unused
543,https://www.facebook.com,unused
645645,https://www.yandex.com,unused
346536,https://www.baidu.com,unused
2366,https://www.twitter.com,unused
356356,https://www.youtube.com,unused
3563,https://www.instagram.com,unused
43125,https://www.google.com,unused
346536,https://www.baidu.com,unused
2366,https://www.twitter.com,unused
356356,https://www.youtube.com,unused
3563,https://www.instagram.com,unused
234234,https://www.soundcloud.com,unused
324235,https://www.netflix.com,unused
43125,https://www.google.com,unused
13413,https://www.yahoo.com,unused
134135,https://www.amazon.com,unused
543,https://www.facebook.com,unused
645645,https://www.yandex.com,unused
346536,https://www.baidu.com,unused
2366,https://www.twitter.com,unused
356356,https://www.youtube.com,unused
3563,https://www.instagram.com,unused
43125,https://www.google.com,unused
356356,https://www.youtube.com,unused
3563,https://www.instagram.com,unused
43125,https://www.google.com,unused
346536,https://www.baidu.com,unused
2366,https://www.twitter.com,unused
356356,https://www.youtube.com,unused
3563,https://www.instagram.com,unused
234234,https://www.soundcloud.com,unused
324235,https://www.netflix.com,unused
43125,https://www.google.com,unused
13413,https://www.yahoo.com,unused
134135,https://www.amazon.com,unused
543,https://www.facebook.com,unused
645645,https://www.yandex.com,unused
346536,https://www.baidu.com,unused
2366,https://www.twitter.com,unused
356356,https://www.youtube.com,unused
3563,https://www.instagram.com,unused
43125,https://www.google.com,unused
346536,https://www.baidu.com,unused
2366,https://www.twitter.com,unused
356356,https://www.youtube.com,unused
3563,https://www.instagram.com,unused
234234,https://www.soundcloud.com,unused
324235,https://www.netflix.com,unused
43125,https://www.google.com,unused
13413,https://www.yahoo.com,unused
134135,https://www.amazon.com,unused
543,https://www.facebook.com,unused
645645,https://www.yandex.com,unused
346536,https://www.baidu.com,unused
2366,https://www.twitter.com,unused
356356,https://www.youtube.com,unused
3563,https://www.instagram.com,unused
234234,https://www.soundcloud.com,unused
324235,https://www.netflix.com,unused
43125,https://www.google.com,unused
13413,https://www.yahoo.com,unused
134135,https://www.amazon.com,unused
543,https://www.facebook.com,unused
645645,https://www.yandex.com,unused
346536,https://www.baidu.com,unused
2366,https://www.twitter.com,unused
356356,https://www.youtube.com,unused
3563,https://www.instagram.com,unused
43125,https://www.google.com,unused
346536,https://www.baidu.com,unused
2366,https://www.twitter.com,unused
356356,https://www.youtube.com,unused
3563,https://www.instagram.com,unused
234234,https://www.soundcloud.com,unused
324235,https://www.netflix.com,unused
43125,https://www.google.com,unused
13413,https://www.yahoo.com,unused
134135,https://www.amazon.com,unused
543,https://www.facebook.com,unused
645645,https://www.yandex.com,unused
346536,https://www.baidu.com,unused
2366,https://www.twitter.com,unused
356356,https://www.youtube.com,unused
3563,https://www.instagram.com,unused
43125,https://www.google.com,unused
346536,https://www.baidu.com,unused
2366,https://www.twitter.com,unused
356356,https://www.youtube.com,unused
3563,https://www.instagram.com,unused
234234,https://www.soundcloud.com,unused
324235,https://www.netflix.com,unused
43125,https://www.google.com,unused
13413,https://www.yahoo.com,unused
134135,https://www.amazon.com,unused
543,https://www.facebook.com,unused
645645,https://www.yandex.com,unused
346536,https://www.baidu.com,unused
2366,https://www.twitter.com,unused
356356,https://www.youtube.com,unused
3563,https://www.instagram.com,unused
234234,https://www.soundcloud.com,unused
324235,https://www.netflix.com,unused
43125,https://www.google.com,unused
13413,https://www.yahoo.com,unused
134135,https://www.amazon.com,unused
543,https://www.facebook.com,unused
645645,https://www.yandex.com,unused
346536,https://www.baidu.com,unused
2366,https://www.twitter.com,unused
356356,https://www.youtube.com,unused
3563,https://www.instagram.com,unused
43125,https://www.google.com,unused
346536,https://www.baidu.com,unused
2366,https://www.twitter.com,unused
356356,https://www.youtube.com,unused
3563,https://www.instagram.com,unused
234234,https://www.soundcloud.com,unused
324235,https://www.netflix.com,unused
43125,https://www.google.com,unused
13413,https://www.yahoo.com,unused
134135,https://www.amazon.com,unused
543,https://www.facebook.com,unused
645645,https://www.yandex.com,unused
346536,https://www.baidu.com,unused
2366,https://www.twitter.com,unused
356356,https://www.youtube.com,unused
3563,https://www.instagram.com,unused
43125,https://www.google.com,unused
356356,https://www.youtube.com,unused
3563,https://www.instagram.com,unused
43125,https://www.google.com,unused
346536,https://www.baidu.com,unused
2366,https://www.twitter.com,unused
356356,https://www.youtube.com,unused
3563,https://www.instagram.com,unused
234234,https://www.soundcloud.com,unused
324235,https://www.netflix.com,unused
43125,https://www.google.com,unused
13413,https://www.yahoo.com,unused
134135,https://www.amazon.com,unused
543,https://www.facebook.com,unused
645645,https://www.yandex.com,unused
346536,https://www.baidu.com,unused
2366,https://www.twitter.com,unused
356356,https://www.youtube.com,unused
3563,https://www.instagram.com,unused
43125,https://www.google.com,unused
346536,https://www.baidu.com,unused
2366,https://www.twitter.com,unused
356356,https://www.youtube.com,unused
3563,https://www.instagram.com,unused
234234,https://www.soundcloud.com,unused
324235,https://www.netflix.com,unused
43125,https://www.google.com,unused
13413,https://www.yahoo.com,unused
134135,https://www.amazon.com,unused
543,https://www.facebook.com,unused
645645,https://www.yandex.com,unused
346536,https://www.baidu.com,unused
2366,https://www.twitter.com,unused
356356,https://www.youtube.com,unused
3563,https://www.instagram.com,unused
234234,https://www.soundcloud.com,unused
324235,https://www.netflix.com,unused
43125,https://www.google.com,unused
13413,https://www.yahoo.com,unused
134135,https://www.amazon.com,unused
543,https://www.facebook.com,unused
645645,https://www.yandex.com,unused
346536,https://www.baidu.com,unused
2366,https://www.twitter.com,unused
356356,https://www.youtube.com,unused
3563,https://www.instagram.com,unused
43125,https://www.google.com,unused
346536,https://www.baidu.com,unused
2366,https://www.twitter.com,unused
356356,https://www.youtube.com,unused
3563,https://www.instagram.com,unused
234234,https://www.soundcloud.com,unused
324235,https://www.netflix.com,unused
43125,https://www.google.com,unused
13413,https://www.yahoo.com,unused
134135,https://www.amazon.com,unused
543,https://www.facebook.com,unused
645645,https://www.yandex.com,unused
346536,https://www.baidu.com,unused
2366,https://www.twitter.com,unused
356356,https://www.youtube.com,unused
3563,https://www.instagram.com,unused
43125,https://www.google.com,unused
346536,https://www.baidu.com,unused
2366,https://www.twitter.com,unused
356356,https://www.youtube.com,unused
3563,https://www.instagram.com,unused
234234,https://www.soundcloud.com,unused
324235,https://www.netflix.com,unused
43125,https://www.google.com,unused
13413,https://www.yahoo.com,unused
134135,https://www.amazon.com,unused
543,https://www.facebook.com,unused
645645,https://www.yandex.com,unused
346536,https://www.baidu.com,unused
2366,https://www.twitter.com,unused
356356,https://www.youtube.com,unused
3563,https://www.instagram.com,unused
234234,https://www.soundcloud.com,unused
324235,https://www.netflix.com,unused
43125,https://www.google.com,unused
13413,https://www.yahoo.com,unused
134135,https://www.amazon.com,unused
543,https://www.facebook.com,unused
645645,https://www.yandex.com,unused
346536,https://www.baidu.com,unused
2366,https://www.twitter.com,unused
356356,https://www.youtube.com,unused
3563,https://www.instagram.com,unused
43125,https://www.google.com,unused
346536,https://www.baidu.com,unused
2366,https://www.twitter.com,unused
356356,https://www.youtube.com,unused
3563,https://www.instagram.com,unused
234234,https://www.soundcloud.com,unused
324235,https://www.netflix.com,unused
43125,https://www.google.com,unused
13413,https://www.yahoo.com,unused
134135,https://www.amazon.com,unused
543,https://www.facebook.com,unused
645645,https://www.yandex.com,unused
346536,https://www.baidu.com,unused
2366,https://www.twitter.com,unused
356356,https://www.youtube.com,unused
3563,https://www.instagram.com,unused
43125,https://www.google.com,unused
356356,https://www.youtube.com,unused
3563,https://www.instagram.com,unused
43125,https://www.google.com,unused
346536,https://www.baidu.com,unused
2366,https://www.twitter.com,unused
356356,https://www.youtube.com,unused
3563,https://www.instagram.com,unused
234234,https://www.soundcloud.com,unused
324235,https://www.netflix.com,unused
43125,https://www.google.com,unused
13413,https://www.yahoo.com,unused
134135,https://www.amazon.com,unused
543,https://www.facebook.com,unused
645645,https://www.yandex.com,unused
346536,https://www.baidu.com,unused
2366,https://www.twitter.com,unused
356356,https://www.youtube.com,unused
3563,https://www.instagram.com,unused
43125,https://www.google.com,unused
346536,https://www.baidu.com,unused
2366,https://www.twitter.com,unused
356356,https://www.youtube.com,unused
3563,https://www.instagram.com,unused
234234,https://www.soundcloud.com,unused
324235,https://www.netflix.com,unused
43125,https://www.google.com,unused
13413,https://www.yahoo.com,unused
134135,https://www.amazon.com,unused
543,https://www.facebook.com,unused
645645,https://www.yandex.com,unused
346536,https://www.baidu.com,unused
2366,https://www.twitter.com,unused
356356,https://www.youtube.com,unused
3563,https://www.instagram.com,unused
234234,https://www.soundcloud.com,unused
324235,https://www.netflix.com,unused
43125,https://www.google.com,unused
13413,https://www.yahoo.com,unused
134135,https://www.amazon.com,unused
543,https://www.facebook.com,unused
645645,https://www.yandex.com,unused
346536,https://www.baidu.com,unused
2366,https://www.twitter.com,unused
356356,https://www.youtube.com,unused
3563,https://www.instagram.com,unused
43125,https://www.google.com,unused
346536,https://www.baidu.com,unused
2366,https://www.twitter.com,unused
356356,https://www.youtube.com,unused
3563,https://www.instagram.com,unused
234234,https://www.soundcloud.com,unused
324235,https://www.netflix.com,unused
43125,https://www.google.com,unused
13413,https://www.yahoo.com,unused
134135,https://www.amazon.com,unused
543,https://www.facebook.com,unused
645645,https://www.yandex.com,unused
346536,https://www.baidu.com,unused
2366,https://www.twitter.com,unused
356356,https://www.youtube.com,unused
3563,https://www.instagram.com,unused
43125,https://www.google.com,unused
346536,https://www.baidu.com,unused
2366,https://www.twitter.com,unused
356356,https://www.youtube.com,unused
3563,https://www.instagram.com,unused
234234,https://www.soundcloud.com,unused
324235,https://www.netflix.com,unused
43125,https://www.google.com,unused
13413,https://www.yahoo.com,unused
134135,https://www.amazon.com,unused
543,https://www.facebook.com,unused
645645,https://www.yandex.com,unused
346536,https://www.baidu.com,unused
2366,https://www.twitter.com,unused
356356,https://www.youtube.com,unused
3563,https://www.instagram.com,unused
234234,https://www.soundcloud.com,unused
324235,https://www.netflix.com,unused
43125,https://www.google.com,unused
13413,https://www.yahoo.com,unused
134135,https://www.amazon.com,unused
543,https://www.facebook.com,unused
645645,https://www.yandex.com,unused
346536,https://www.baidu.com,unused
2366,https://www.twitter.com,unused
356356,https://www.youtube.com,unused
3563,https://www.instagram.com,unused
43125,https://www.google.com,unused
346536,https://www.baidu.com,unused
2366,https://www.twitter.com,unused
356356,https://www.youtube.com,unused
3563,https://www.instagram.com,unused
234234,https://www.soundcloud.com,unused
324235,https://www.netflix.com,unused
43125,https://www.google.com,unused
13413,https://www.yahoo.com,unused
134135,https://www.amazon.com,unused
543,https://www.facebook.com,unused
645645,https://www.yandex.com,unused
346536,https://www.baidu.com,unused
2366,https://www.twitter.com,unused
356356,https://www.youtube.com,unused
3563,https://www.instagram.com,unused
43125,https://www.google.com,unused
356356,https://www.youtube.com,unused
3563,https://www.instagram.com,unused
43125,https://www.google.com,unused
346536,https://www.baidu.com,unused
2366,https://www.twitter.com,unused
356356,https://www.youtube.com,unused
3563,https://www.instagram.com,unused
234234,https://www.soundcloud.com,unused
324235,https://www.netflix.com,unused
43125,https://www.google.com,unused
13413,https://www.yahoo.com,unused
134135,https://www.amazon.com,unused
543,https://www.facebook.com,unused
645645,https://www.yandex.com,unused
346536,https://www.baidu.com,unused
2366,https://www.twitter.com,unused
356356,https://www.youtube.com,unused
3563,https://www.instagram.com,unused
43125,https://www.google.com,unused
346536,https://www.baidu.com,unused
2366,https://www.twitter.com,unused
356356,https://www.youtube.com,unused
3563,https://www.instagram.com,unused
234234,https://www.soundcloud.com,unused
324235,https://www.netflix.com,unused
43125,https://www.google.com,unused
13413,https://www.yahoo.com,unused
134135,https://www.amazon.com,unused
543,https://www.facebook.com,unused
645645,https://www.yandex.com,unused
346536,https://www.baidu.com,unused
2366,https://www.twitter.com,unused
356356,https://www.youtube.com,unused
3563,https://www.instagram.com,unused
234234,https://www.soundcloud.com,unused
324235,https://www.netflix.com,unused
43125,https://www.google.com,unused
13413,https://www.yahoo.com,unused
134135,https://www.amazon.com,unused
543,https://www.facebook.com,unused
645645,https://www.yandex.com,unused
346536,https://www.baidu.com,unused
2366,https://www.twitter.com,unused
356356,https://www.youtube.com,unused
3563,https://www.instagram.com,unused
43125,https://www.google.com,unused
346536,https://www.baidu.com,unused
2366,https://www.twitter.com,unused
356356,https://www.youtube.com,unused
3563,https://www.instagram.com,unused
234234,https://www.soundcloud.com,unused
324235,https://www.netflix.com,unused
43125,https://www.google.com,unused
13413,https://www.yahoo.com,unused
134135,https://www.amazon.com,unused
543,https://www.facebook.com,unused
645645,https://www.yandex.com,unused
346536,https://www.baidu.com,unused
2366,https://www.twitter.com,unused
356356,https://www.youtube.com,unused
3563,https://www.instagram.com,unused
43125,https://www.google.com,unused
346536,https://www.baidu.com,unused
2366,https://www.twitter.com,unused
356356,https://www.youtube.com,unused
3563,https://www.instagram.com,unused
234234,https://www.soundcloud.com,unused
324235,https://www.netflix.com,unused
43125,https://www.google.com,unused
13413,https://www.yahoo.com,unused
134135,https://www.amazon.com,unused
543,https://www.facebook.com,unused
645645,https://www.yandex.com,unused
346536,https://www.baidu.com,unused
2366,https://www.twitter.com,unused
356356,https://www.youtube.com,unused
3563,https://www.instagram.com,unused
234234,https://www.soundcloud.com,unused
324235,https://www.netflix.com,unused
43125,https://www.google.com,unused
13413,https://www.yahoo.com,unused
134135,https://www.amazon.com,unused
543,https://www.facebook.com,unused
645645,https://www.yandex.com,unused
346536,https://www.baidu.com,unused
2366,https://www.twitter.com,unused
356356,https://www.youtube.com,unused
3563,https://www.instagram.com,unused
43125,https://www.google.com,unused
346536,https://www.baidu.com,unused
2366,https://www.twitter.com,unused
356356,https://www.youtube.com,unused
3563,https://www.instagram.com,unused
234234,https://www.soundcloud.com,unused
324235,https://www.netflix.com,unused
43125,https://www.google.com,unused
13413,https://www.yahoo.com,unused
134135,https://www.amazon.com,unused
543,https://www.facebook.com,unused
645645,https://www.yandex.com,unused
346536,https://www.baidu.com,unused
2366,https://www.twitter.com,unused
356356,https://www.youtube.com,unused
3563,https://www.instagram.com,unused
43125,https://www.google.com,unused
356356,https://www.youtube.com,unused
3563,https://www.instagram.com,unused
43125,https://www.google.com,unused
346536,https://www.baidu.com,unused
2366,https://www.twitter.com,unused
356356,https://www.youtube.com,unused
3563,https://www.instagram.com,unused
234234,https://www.soundcloud.com,unused
324235,https://www.netflix.com,unused
43125,https://www.google.com,unused
13413,https://www.yahoo.com,unused
134135,https://www.amazon.com,unused
543,https://www.facebook.com,unused
645645,https://www.yandex.com,unused
346536,https://www.baidu.com,unused
2366,https://www.twitter.com,unused
356356,https://www.youtube.com,unused
3563,https://www.instagram.com,unused
43125,https://www.google.com,unused
346536,https://www.baidu.com,unused
2366,https://www.twitter.com,unused
356356,https://www.youtube.com,unused
3563,https://www.instagram.com,unused
234234,https://www.soundcloud.com,unused
324235,https://www.netflix.com,unused
43125,https://www.google.com,unused
13413,https://www.yahoo.com,unused
134135,https://www.amazon.com,unused
543,https://www.facebook.com,unused
645645,https://www.yandex.com,unused
346536,https://www.baidu.com,unused
2366,https://www.twitter.com,unused
356356,https://www.youtube.com,unused
3563,https://www.instagram.com,unused
234234,https://www.soundcloud.com,unused
324235,https://www.netflix.com,unused
43125,https://www.google.com,unused
13413,https://www.yahoo.com,unused
134135,https://www.amazon.com,unused
543,https://www.facebook.com,unused
645645,https://www.yandex.com,unused
346536,https://www.baidu.com,unused
2366,https://www.twitter.com,unused
356356,https://www.youtube.com,unused
3563,https://www.instagram.com,unused
43125,https://www.google.com,unused
346536,https://www.baidu.com,unused
2366,https://www.twitter.com,unused
356356,https://www.youtube.com,unused
3563,https://www.instagram.com,unused
234234,https://www.soundcloud.com,unused
324235,https://www.netflix.com,unused
43125,https://www.google.com,unused
13413,https://www.yahoo.com,unused
134135,https://www.amazon.com,unused
543,https://www.facebook.com,unused
645645,https://www.yandex.com,unused
346536,https://www.baidu.com,unused
2366,https://www.twitter.com,unused
356356,https://www.youtube.com,unused
3563,https://www.instagram.com,unused
43125,https://www.google.com,unused
346536,https://www.baidu.com,unused
2366,https://www.twitter.com,unused
356356,https://www.youtube.com,unused
3563,https://www.instagram.com,unused
234234,https://www.soundcloud.com,unused
324235,https://www.netflix.com,unused
43125,https://www.google.com,unused
13413,https://www.yahoo.com,unused
134135,https://www.amazon.com,unused
543,https://www.facebook.com,unused
645645,https://www.yandex.com,unused
346536,https://www.baidu.com,unused
2366,https://www.twitter.com,unused
356356,https://www.youtube.com,unused
3563,https://www.instagram.com,unused
234234,https://www.soundcloud.com,unused
324235,https://www.netflix.com,unused
43125,https://www.google.com,unused
13413,https://www.yahoo.com,unused
134135,https://www.amazon.com,unused
543,https://www.facebook.com,unused
645645,https://www.yandex.com,unused
346536,https://www.baidu.com,unused
2366,https://www.twitter.com,unused
356356,https://www.youtube.com,unused
3563,https://www.instagram.com,unused
43125,https://www.google.com,unused
346536,https://www.baidu.com,unused
2366,https://www.twitter.com,unused
356356,https://www.youtube.com,unused
3563,https://www.instagram.com,unused
234234,https://www.soundcloud.com,unused
324235,https://www.netflix.com,unused
43125,https://www.google.com,unused
13413,https://www.yahoo.com,unused
134135,https://www.amazon.com,unused
543,https://www.facebook.com,unused
645645,https://www.yandex.com,unused
346536,https://www.baidu.com,unused
2366,https://www.twitter.com,unused
356356,https://www.youtube.com,unused
3563,https://www.instagram.com,unused
43125,https://www.google.com,unused
356356,https://www.youtube.com,unused
3563,https://www.instagram.com,unused
43125,https://www.google.com,unused
346536,https://www.baidu.com,unused
2366,https://www.twitter.com,unused
356356,https://www.youtube.com,unused
3563,https://www.instagram.com,unused
234234,https://www.soundcloud.com,unused
324235,https://www.netflix.com,unused
43125,https://www.google.com,unused
13413,https://www.yahoo.com,unused
134135,https://www.amazon.com,unused
543,https://www.facebook.com,unused
645645,https://www.yandex.com,unused
346536,https://www.baidu.com,unused
2366,https://www.twitter.com,unused
356356,https://www.youtube.com,unused
3563,https://www.instagram.com,unused
43125,https://www.google.com,unused
346536,https://www.baidu.com,unused
2366,https://www.twitter.com,unused
356356,https://www.youtube.com,unused
3563,https://www.instagram.com,unused
234234,https://www.soundcloud.com,unused
324235,https://www.netflix.com,unused
43125,https://www.google.com,unused
13413,https://www.yahoo.com,unused
134135,https://www.amazon.com,unused
543,https://www.facebook.com,unused
645645,https://www.yandex.com,unused
346536,https://www.baidu.com,unused
2366,https://www.twitter.com,unused
356356,https://www.youtube.com,unused
3563,https://www.instagram.com,unused
234234,https://www.soundcloud.com,unused
324235,https://www.netflix.com,unused
43125,https://www.google.com,unused
13413,https://www.yahoo.com,unused
134135,https://www.amazon.com,unused
543,https://www.facebook.com,unused
645645,https://www.yandex.com,unused
346536,https://www.baidu.com,unused
2366,https://www.twitter.com,unused
356356,https://www.youtube.com,unused
3563,https://www.instagram.com,unused
43125,https://www.google.com,unused
346536,https://www.baidu.com,unused
2366,https://www.twitter.com,unused
356356,https://www.youtube.com,unused
3563,https://www.instagram.com,unused
234234,https://www.soundcloud.com,unused
324235,https://www.netflix.com,unused
43125,https://www.google.com,unused
13413,https://www.yahoo.com,unused
134135,https://www.amazon.com,unused
543,https://www.facebook.com,unused
645645,https://www.yandex.com,unused
346536,https://www.baidu.com,unused
2366,https://www.twitter.com,unused
356356,https://www.youtube.com,unused
3563,https://www.instagram.com,unused
43125,https://www.google.com,unused
346536,https://www.baidu.com,unused
2366,https://www.twitter.com,unused
356356,https://www.youtube.com,unused
3563,https://www.instagram.com,unused
234234,https://www.soundcloud.com,unused
324235,https://www.netflix.com,unused
43125,https://www.google.com,unused
13413,https://www.yahoo.com,unused
134135,https://www.amazon.com,unused
543,https://www.facebook.com,unused
645645,https://www.yandex.com,unused
346536,https://www.baidu.com,unused
2366,https://www.twitter.com,unused
356356,https://www.youtube.com,unused
3563,https://www.instagram.com,unused
234234,https://www.soundcloud.com,unused
324235,https://www.netflix.com,unused
43125,https://www.google.com,unused
13413,https://www.yahoo.com,unused
134135,https://www.amazon.com,unused
543,https://www.facebook.com,unused
645645,https://www.yandex.com,unused
346536,https://www.baidu.com,unused
2366,https://www.twitter.com,unused
356356,https://www.youtube.com,unused
3563,https://www.instagram.com,unused
43125,https://www.google.com,unused
346536,https://www.baidu.com,unused
2366,https://www.twitter.com,unused
356356,https://www.youtube.com,unused
3563,https://www.instagram.com,unused
234234,https://www.soundcloud.com,unused
324235,https://www.netflix.com,unused
43125,https://www.google.com,unused
13413,https://www.yahoo.com,unused
134135,https://www.amazon.com,unused
543,https://www.facebook.com,unused
645645,https://www.yandex.com,unused
346536,https://www.baidu.com,unused
2366,https://www.twitter.com,unused
356356,https://www.youtube.com,unused
3563,https://www.instagram.com,unused
43125,https://www.google.com,unused
356356,https://www.youtube.com,unused
3563,https://www.instagram.com,unused
43125,https://www.google.com,unused
346536,https://www.baidu.com,unused
2366,https://www.twitter.com,unused
356356,https://www.youtube.com,unused
3563,https://www.instagram.com,unused
234234,https://www.soundcloud.com,unused
324235,https://www.netflix.com,unused
43125,https://www.google.com,unused
13413,https://www.yahoo.com,unused
134135,https://www.amazon.com,unused
543,https://www.facebook.com,unused
645645,https://www.yandex.com,unused
346536,https://www.baidu.com,unused
2366,https://www.twitter.com,unused
356356,https://www.youtube.com,unused
3563,https://www.instagram.com,unused
43125,https://www.google.com,unused
346536,https://www.baidu.com,unused
2366,https://www.twitter.com,unused
356356,https://www.youtube.com,unused
3563,https://www.instagram.com,unused
234234,https://www.soundcloud.com,unused
324235,https://www.netflix.com,unused
43125,https://www.google.com,unused
13413,https://www.yahoo.com,unused
134135,https://www.amazon.com,unused
543,https://www.facebook.com,unused
645645,https://www.yandex.com,unused
346536,https://www.baidu.com,unused
2366,https://www.twitter.com,unused
356356,https://www.youtube.com,unused
3563,https://www.instagram.com,unused
234234,https://www.soundcloud.com,unused
324235,https://www.netflix.com,unused
43125,https://www.google.com,unused
13413,https://www.yahoo.com,unused
134135,https://www.amazon.com,unused
543,https://www.facebook.com,unused
645645,https://www.yandex.com,unused
346536,https://www.baidu.com,unused
2366,https://www.twitter.com,unused
356356,https://www.youtube.com,unused
3563,https://www.instagram.com,unused
43125,https://www.google.com,unused
346536,https://www.baidu.com,unused
2366,https://www.twitter.com,unused
356356,https://www.youtube.com,unused
3563,https://www.instagram.com,unused
234234,https://www.soundcloud.com,unused
324235,https://www.netflix.com,unused
43125,https://www.google.com,unused
13413,https://www.yahoo.com,unused
134135,https://www.amazon.com,unused
543,https://www.facebook.com,unused
645645,https://www.yandex.com,unused
346536,https://www.baidu.com,unused
2366,https://www.twitter.com,unused
356356,https://www.youtube.com,unused
3563,https://www.instagram.com,unused
43125,https://www.google.com,unused
346536,https://www.baidu.com,unused
2366,https://www.twitter.com,unused
356356,https://www.youtube.com,unused
3563,https://www.instagram.com,unused
234234,https://www.soundcloud.com,unused
324235,https://www.netflix.com,unused
43125,https://www.google.com,unused
13413,https://www.yahoo.com,unused
134135,https://www.amazon.com,unused
543,https://www.facebook.com,unused
645645,https://www.yandex.com,unused
346536,https://www.baidu.com,unused
2366,https://www.twitter.com,unused
356356,https://www.youtube.com,unused
3563,https://www.instagram.com,unused
234234,https://www.soundcloud.com,unused
324235,https://www.netflix.com,unused
43125,https://www.google.com,unused
13413,https://www.yahoo.com,unused
134135,https://www.amazon.com,unused
543,https://www.facebook.com,unused
645645,https://www.yandex.com,unused
346536,https://www.baidu.com,unused
2366,https://www.twitter.com,unused
356356,https://www.youtube.com,unused
3563,https://www.instagram.com,unused
43125,https://www.google.com,unused
346536,https://www.baidu.com,unused
2366,https://www.twitter.com,unused
356356,https://www.youtube.com,unused
3563,https://www.instagram.com,unused
234234,https://www.soundcloud.com,unused
324235,https://www.netflix.com,unused
43125,https://www.google.com,unused
13413,https://www.yahoo.com,unused
134135,https://www.amazon.com,unused
543,https://www.facebook.com,unused
645645,https://www.yandex.com,unused
346536,https://www.baidu.com,unused
2366,https://www.twitter.com,unused
356356,https://www.youtube.com,unused
3563,https://www.instagram.com,unused
43125,https://www.google.com,unused
356356,https://www.youtube.com,unused
3563,https://www.instagram.com,unused
43125,https://www.google.com,unused
346536,https://www.baidu.com,unused
2366,https://www.twitter.com,unused
356356,https://www.youtube.com,unused
3563,https://www.instagram.com,unused
234234,https://www.soundcloud.com,unused
324235,https://www.netflix.com,unused
43125,https://www.google.com,unused
13413,https://www.yahoo.com,unused
134135,https://www.amazon.com,unused
543,https://www.facebook.com,unused
645645,https://www.yandex.com,unused
346536,https://www.baidu.com,unused
2366,https://www.twitter.com,unused
356356,https://www.youtube.com,unused
3563,https://www.instagram.com,unused
43125,https://www.google.com,unused
346536,https://www.baidu.com,unused
2366,https://www.twitter.com,unused
356356,https://www.youtube.com,unused
3563,https://www.instagram.com,unused
234234,https://www.soundcloud.com,unused
324235,https://www.netflix.com,unused
43125,https://www.google.com,unused
13413,https://www.yahoo.com,unused
134135,https://www.amazon.com,unused
543,https://www.facebook.com,unused
645645,https://www.yandex.com,unused
346536,https://www.baidu.com,unused
2366,https://www.twitter.com,unused
356356,https://www.youtube.com,unused
3563,https://www.instagram.com,unused
234234,https://www.soundcloud.com,unused
324235,https://www.netflix.com,unused
43125,https://www.google.com,unused
13413,https://www.yahoo.com,unused
134135,https://www.amazon.com,unused
543,https://www.facebook.com,unused
645645,https://www.yandex.com,unused
346536,https://www.baidu.com,unused
2366,https://www.twitter.com,unused
356356,https://www.youtube.com,unused
3563,https://www.instagram.com,unused
43125,https://www.google.com,unused
346536,https://www.baidu.com,unused
2366,https://www.twitter.com,unused
356356,https://www.youtube.com,unused
3563,https://www.instagram.com,unused
234234,https://www.soundcloud.com,unused
324235,https://www.netflix.com,unused
43125,https://www.google.com,unused
13413,https://www.yahoo.com,unused
134135,https://www.amazon.com,unused
543,https://www.facebook.com,unused
645645,https://www.yandex.com,unused
346536,https://www.baidu.com,unused
2366,https://www.twitter.com,unused
356356,https://www.youtube.com,unused
3563,https://www.instagram.com,unused
43125,https://www.google.com,unused
346536,https://www.baidu.com,unused
2366,https://www.twitter.com,unused
356356,https://www.youtube.com,unused
3563,https://www.instagram.com,unused
234234,https://www.soundcloud.com,unused
324235,https://www.netflix.com,unused
43125,https://www.google.com,unused
13413,https://www.yahoo.com,unused
134135,https://www.amazon.com,unused
543,https://www.facebook.com,unused
645645,https://www.yandex.com,unused
346536,https://www.baidu.com,unused
2366,https://www.twitter.com,unused
356356,https://www.youtube.com,unused
3563,https://www.instagram.com,unused
234234,https://www.soundcloud.com,unused
324235,https://www.netflix.com,unused
43125,https://www.google.com,unused
13413,https://www.yahoo.com,unused
134135,https://www.amazon.com,unused
543,https://www.facebook.com,unused
645645,https://www.yandex.com,unused
346536,https://www.baidu.com,unused
2366,https://www.twitter.com,unused
356356,https://www.youtube.com,unused
3563,https://www.instagram.com,unused
43125,https://www.google.com,unused
346536,https://www.baidu.com,unused
2366,https://www.twitter.com,unused
356356,https://www.youtube.com,unused
3563,https://www.instagram.com,unused
234234,https://www.soundcloud.com,unused
324235,https://www.netflix.com,unused
43125,https://www.google.com,unused
13413,https://www.yahoo.com,unused
134135,https://www.amazon.com,unused
543,https://www.facebook.com,unused
645645,https://www.yandex.com,unused
346536,https://www.baidu.com,unused
2366,https://www.twitter.com,unused
356356,https://www.youtube.com,unused
3563,https://www.instagram.com,unused
43125,https://www.google.com,unused
356356,https://www.youtube.com,unused
3563,https://www.instagram.com,unused
43125,https://www.google.com,unused
346536,https://www.baidu.com,unused
2366,https://www.twitter.com,unused
356356,https://www.youtube.com,unused
3563,https://www.instagram.com,unused
234234,https://www.soundcloud.com,unused
324235,https://www.netflix.com,unused
43125,https://www.google.com,unused
13413,https://www.yahoo.com,unused
134135,https://www.amazon.com,unused
543,https://www.facebook.com,unused
645645,https://www.yandex.com,unused
346536,https://www.baidu.com,unused
2366,https://www.twitter.com,unused
356356,https://www.youtube.com,unused
3563,https://www.instagram.com,unused
43125,https://www.google.com,unused
346536,https://www.baidu.com,unused
2366,https://www.twitter.com,unused
356356,https://www.youtube.com,unused
3563,https://www.instagram.com,unused
234234,https://www.soundcloud.com,unused
324235,https://www.netflix.com,unused
43125,https://www.google.com,unused
13413,https://www.yahoo.com,unused
134135,https://www.amazon.com,unused
543,https://www.facebook.com,unused
645645,https://www.yandex.com,unused
346536,https://www.baidu.com,unused
2366,https://www.twitter.com,unused
356356,https://www.youtube.com,unused
3563,https://www.instagram.com,unused
234234,https://www.soundcloud.com,unused
324235,https://www.netflix.com,unused
43125,https://www.google.com,unused
13413,https://www.yahoo.com,unused
134135,https://www.amazon.com,unused
543,https://www.facebook.com,unused
645645,https://www.yandex.com,unused
346536,https://www.baidu.com,unused
2366,https://www.twitter.com,unused
356356,https://www.youtube.com,unused
3563,https://www.instagram.com,unused
43125,https://www.google.com,unused
346536,https://www.baidu.com,unused
2366,https://www.twitter.com,unused
356356,https://www.youtube.com,unused
3563,https://www.instagram.com,unused
234234,https://www.soundcloud.com,unused
324235,https://www.netflix.com,unused
43125,https://www.google.com,unused
13413,https://www.yahoo.com,unused
134135,https://www.amazon.com,unused
543,https://www.facebook.com,unused
645645,https://www.yandex.com,unused
346536,https://www.baidu.com,unused
2366,https://www.twitter.com,unused
356356,https://www.youtube.com,unused
3563,https://www.instagram.com,unused
43125,https://www.google.com,unused
346536,https://www.baidu.com,unused
2366,https://www.twitter.com,unused
356356,https://www.youtube.com,unused
3563,https://www.instagram.com,unused
234234,https://www.soundcloud.com,unused
324235,https://www.netflix.com,unused
43125,https://www.google.com,unused
13413,https://www.yahoo.com,unused
134135,https://www.amazon.com,unused
543,https://www.facebook.com,unused
645645,https://www.yandex.com,unused
346536,https://www.baidu.com,unused
2366,https://www.twitter.com,unused
356356,https://www.youtube.com,unused
3563,https://www.instagram.com,unused
234234,https://www.soundcloud.com,unused
324235,https://www.netflix.com,unused
43125,https://www.google.com,unused
13413,https://www.yahoo.com,unused
134135,https://www.amazon.com,unused
543,https://www.facebook.com,unused
645645,https://www.yandex.com,unused
346536,https://www.baidu.com,unused
2366,https://www.twitter.com,unused
356356,https://www.youtube.com,unused
3563,https://www.instagram.com,unused
43125,https://www.google.com,unused
346536,https://www.baidu.com,unused
2366,https://www.twitter.com,unused
356356,https://www.youtube.com,unused
3563,https://www.instagram.com,unused
234234,https://www.soundcloud.com,unused
324235,https://www.netflix.com,unused
43125,https://www.google.com,unused
13413,https://www.yahoo.com,unused
134135,https://www.amazon.com,unused
543,https://www.facebook.com,unused
645645,https://www.yandex.com,unused
346536,https://www.baidu.com,unused
2366,https://www.twitter.com,unused
356356,https://www.youtube.com,unused
3563,https://www.instagram.com,unused
43125,https://www.google.com,unused
